dt,type,symbol,quantity,price,fees,cash_amount,source,raw_id,note
2020-10-28 10:01:00,BUY,ETH-AUD,3.47478259914,574.99999999,2.0,-2000.0,COINSPOT,COINSPOT:59,ETH/AUD
2020-11-14 09:48:00,SELL,ETH-AUD,1.10466981,670.0,0.74,739.39,COINSPOT,COINSPOT:58,ETH/AUD
2020-11-14 10:08:00,SELL,ETH-AUD,2.37011279,670.0,1.59,1586.39,COINSPOT,COINSPOT:57,ETH/AUD
2020-12-04 23:16:00,BUY,XRP-AUD,2843.42384042,0.8098485148514789,23.03,-2325.77,COINSPOT,COINSPOT:56,XRP/AUD
2020-12-15 20:05:00,SELL,XRP-AUD,2843.42384042,0.6400333333333333,18.2,1801.69,COINSPOT,COINSPOT:55,XRP/AUD
2021-01-04 10:46:00,BUY,XRP-AUD,3467.4531683076,0.303,1.05,-1051.69,COINSPOT,COINSPOT:54,XRP/AUD
2021-01-07 01:44:00,SELL,XRP-AUD,3467.45316831,0.3479727272727272,12.07,1194.51,COINSPOT,COINSPOT:53,XRP/AUD
2021-02-15 10:52:00,BUY,XRP-AUD,228.87538533,0.7916188118904195,1.81,-182.99,COINSPOT,COINSPOT:50,XRP/AUD
2021-02-15 10:52:00,BUY,ETH-AUD,0.24046422,2395.574341624956,5.76,-581.81,COINSPOT,COINSPOT:51,ETH/AUD
2021-02-15 10:52:00,BUY,BTC-AUD,0.00666071,63874.75091995848,4.25,-429.71,COINSPOT,COINSPOT:52,BTC/AUD
2021-05-18 20:34:00,SELL,XRP-AUD,228.87538533,2.105231313131313,4.82,477.02,COINSPOT,COINSPOT:49,XRP/AUD
2021-05-18 20:53:00,BUY,ADA-AUD,168.47079432,2.8034356436040238,4.72,-477.02,COINSPOT,COINSPOT:48,ADA/AUD
2021-06-07 20:22:00,BUY,XRP-AUD,1008.66912316,1.2760663366386369,12.87,-1300.0,COINSPOT,COINSPOT:46,XRP/AUD
2021-08-20 04:16:00,SELL,ADA-AUD,168.47079432,3.21999393939394,5.42,537.05,COINSPOT,COINSPOT:45,ADA/AUD
2021-08-20 07:51:00,BUY,XRP-AUD,303.27740634,1.753288118901969,5.32,-537.05,COINSPOT,COINSPOT:44,XRP/AUD
2021-08-24 18:54:00,BUY,ADA-AUD,717.14343203,4.143225742585584,29.71,-3001.0,COINSPOT,COINSPOT:42,ADA/AUD
2021-08-25 00:03:00,SELL,ADA-AUD,814.20189994,3.7919757575757576,30.87,3056.56,COINSPOT,COINSPOT:41,ADA/AUD
2021-09-03 19:10:00,SELL,ETH-AUD,0.24046422,5288.979797979799,12.72,1259.09,COINSPOT,COINSPOT:40,ETH/AUD
2021-09-04 10:19:00,BUY,ADA-AUD,356.14990660698004,4.04,1.44,-1440.29,COINSPOT,COINSPOT:38,ADA/AUD
2021-09-04 10:19:00,BUY,ADA-AUD,138.40454883807,4.04,0.56,-559.71,COINSPOT,COINSPOT:39,ADA/AUD
2021-09-06 19:49:00,SELL,XRP-AUD,800.0,1.8363474747474748,14.69,1454.39,COINSPOT,COINSPOT:37,XRP/AUD
2021-09-06 20:02:00,BUY,ADA-AUD,510.9974424486,3.91,2.0,-2000.0,COINSPOT,COINSPOT:36,ADA/AUD
2021-09-08 00:58:00,BUY,NEO-AUD,11.70663548616,71.0,0.83,-832.0,COINSPOT,COINSPOT:34,NEO/AUD
2021-09-08 00:58:00,BUY,NEO-AUD,2.3637870468,71.0,0.17,-168.0,COINSPOT,COINSPOT:35,NEO/AUD
2021-09-10 17:33:00,BUY,XRP-AUD,664.6777314254999,1.495,0.99,-994.69,COINSPOT,COINSPOT:33,XRP/AUD
2021-09-10 17:34:00,BUY,XRP-AUD,3.54969332343,1.495,0.01,-5.31,COINSPOT,COINSPOT:32,XRP/AUD
2021-09-20 10:23:00,BUY,ADA-AUD,570.40966451484,3.1,1.77,-1770.04,COINSPOT,COINSPOT:31,ADA/AUD
2021-12-15 03:22:00,BUY,ETH-AUD,0.54705194,5429.643535681402,29.7,-3000.0,COINSPOT,COINSPOT:29,ETH/AUD
2023-04-21 21:58:00,BUY,BTC-AUD,0.03492762,42520.74761611255,14.85,-1500.0,COINSPOT,COINSPOT:28,BTC/AUD
2023-11-10 13:25:00,SELL,ADA-AUD,1575.96156241,0.5865575757575757,9.24,915.15,COINSPOT,COINSPOT:24,ADA/AUD
2023-11-10 13:25:00,SELL,BTC-AUD,0.03874587,58010.12121212121,22.48,2225.18,COINSPOT,COINSPOT:25,BTC/AUD
2023-11-10 13:25:00,SELL,ETH-AUD,0.99899301,3328.090909090909,33.25,3291.49,COINSPOT,COINSPOT:26,ETH/AUD
2024-02-15 09:41:00,BUY,BCAU-AUD,94017.36187283,0.0315930693069292,29.7,-3000.0,COINSPOT,COINSPOT:22,BCAU/AUD
2024-02-15 09:41:00,BUY,BCAU-AUD,62678.24124855,0.0315930693069309,19.8,-2000.0,COINSPOT,COINSPOT:23,BCAU/AUD
2024-07-08 00:00:00,CASH_IN,,0.0,0.0,0.0,6314.0,CMC_CASH,CMC_CASH:1,Sold 2500 ASB @ 2.5300 AUD 26962180
2024-07-16 00:00:00,CASH_IN,,0.0,0.0,0.0,32.21,CMC_CASH,CMC_CASH:2,CRED DST 001319421669
2024-07-17 00:00:00,CASH_OUT,,0.0,0.0,0.0,-6426.56,CMC_CASH,CMC_CASH:3,To Henry Wyld - Internal transfer
2024-07-26 00:00:00,CASH_IN,,0.0,0.0,0.0,3581.7,CMC_CASH,CMC_CASH:4,Sold 370 MFG @ 9.7100 AUD 27207790
2024-07-31 00:00:00,CASH_IN,,0.0,0.0,0.0,6.03,CMC_CASH,CMC_CASH:5,MACQUARIE CMA INTEREST PAID
2024-08-05 11:11:00,BUY,BCAU-AUD,58613.21141785,0.0337841584158436,19.8,-2000.0,COINSPOT,COINSPOT:21,BCAU/AUD
2024-08-15 00:00:00,CASH_IN,,0.0,0.0,0.0,8194.0,CMC_CASH,CMC_CASH:6,Sold 750 AGL @ 10.9400 AUD 27468264
2024-08-16 00:00:00,CASH_IN,,0.0,0.0,0.0,37.94,CMC_CASH,CMC_CASH:7,CRED DST 001320619977
2024-08-23 00:00:00,CASH_IN,,0.0,0.0,0.0,4183.0,CMC_CASH,CMC_CASH:8,Sold 180 CRED @ 23.3000 AUD 27570050
2024-08-30 00:00:00,CASH_IN,,0.0,0.0,0.0,20.5,CMC_CASH,CMC_CASH:9,MACQUARIE CMA INTEREST PAID
2024-09-05 00:00:00,CASH_OUT,,0.0,0.0,0.0,-5711.0,CMC_CASH,CMC_CASH:10,Bght 150 MIN @ 38.0000 AUD 27722750
2024-09-06 00:00:00,CASH_IN,,0.0,0.0,0.0,4601.82,CMC_CASH,CMC_CASH:11,Sold 199 CRED @ 23.1800 AUD 27732076
2024-09-09 00:00:00,CASH_OUT,,0.0,0.0,0.0,-14913.99,CMC_CASH,CMC_CASH:12,To Henry Wyld - Internal transfer
2024-09-17 00:00:00,CASH_IN,,0.0,0.0,0.0,18.54,CMC_CASH,CMC_CASH:13,CRED DST 001323931589
2024-09-26 00:00:00,CASH_IN,,0.0,0.0,0.0,2876.5,CMC_CASH,CMC_CASH:14,Sold 75 MIN @ 38.5000 AUD 27964481
2024-09-26 00:00:00,CASH_IN,,0.0,0.0,0.0,2872.75,CMC_CASH,CMC_CASH:15,Sold 75 MIN @ 38.4500 AUD 27963657
2024-09-27 00:00:00,CASH_OUT,,0.0,0.0,0.0,-5767.79,CMC_CASH,CMC_CASH:16,To Henry Wyld - Internal transfer
2024-09-30 00:00:00,CASH_IN,,0.0,0.0,0.0,10.56,CMC_CASH,CMC_CASH:17,MACQUARIE CMA INTEREST PAID
2024-10-04 00:00:00,CASH_IN,,0.0,0.0,0.0,9253.0,CMC_CASH,CMC_CASH:18,Sold 480 PPT @ 19.3000 AUD 28078533
2024-10-04 00:00:00,CASH_OUT,,0.0,0.0,0.0,-9263.56,CMC_CASH,CMC_CASH:19,To Henry Wyld - Internal transfer
2024-10-04 00:00:00,CASH_IN,,0.0,0.0,0.0,1360.0,CMC_CASH,CMC_CASH:20,Wyld H Internal transfer
2024-10-04 00:00:00,CASH_OUT,,0.0,0.0,0.0,-1360.0,CMC_CASH,CMC_CASH:21,To Emmi Solutions Pty Ltd -  Wyld 340 Cl
2024-10-04 00:00:00,CASH_IN,,0.0,0.0,0.0,413.4,CMC_CASH,CMC_CASH:22,PPT DIV 001325630043
2024-10-07 00:00:00,CASH_IN,,0.0,0.0,0.0,5839.0,CMC_CASH,CMC_CASH:23,Sold 300 PPT @ 19.5000 AUD 28098995
2024-10-07 00:00:00,CASH_OUT,,0.0,0.0,0.0,-6252.4,CMC_CASH,CMC_CASH:24,To Henry Wyld - Internal transfer
2024-10-11 00:00:00,CASH_IN,,0.0,0.0,0.0,2669.0,CMC_CASH,CMC_CASH:25,Sold 400 NXL @ 6.7000 AUD 28165381
2024-10-11 00:00:00,CASH_OUT,,0.0,0.0,0.0,-2669.0,CMC_CASH,CMC_CASH:26,To Henry Wyld - Internal transfer
2024-10-15 00:00:00,CASH_IN,,0.0,0.0,0.0,2789.0,CMC_CASH,CMC_CASH:27,Sold 400 NXL @ 7.0000 AUD 28192664
2024-10-15 00:00:00,CASH_OUT,,0.0,0.0,0.0,-2789.0,CMC_CASH,CMC_CASH:28,To Henry Wyld - Internal transfer
2024-10-17 00:00:00,CASH_IN,,0.0,0.0,0.0,68.93,CMC_CASH,CMC_CASH:29,SOUTH32 DIVIDEND AF016/00988252
2024-10-25 00:00:00,CASH_IN,,0.0,0.0,0.0,259.0,CMC_CASH,CMC_CASH:30,DUXTON WATER LTD 24OCT/00801353
2024-10-31 00:00:00,CASH_IN,,0.0,0.0,0.0,0.31,CMC_CASH,CMC_CASH:31,MACQUARIE CMA INTEREST PAID
2024-11-05 08:16:00,SELL,BCAU-AUD,73566.69900738,0.038490909090909,28.32,2803.33,COINSPOT,COINSPOT:18,BCAU/AUD
2024-11-17 02:06:00,SELL,BCAU-AUD,61742.11553185,0.0409363636363636,25.27,2502.22,COINSPOT,COINSPOT:17,BCAU/AUD
2024-11-27 00:00:00,CASH_IN,,0.0,0.0,0.0,5000.0,CMC_CASH,CMC_CASH:32,Wyld H MinRes allocation
2024-11-29 00:00:00,CASH_IN,,0.0,0.0,0.0,1.72,CMC_CASH,CMC_CASH:33,MACQUARIE CMA INTEREST PAID
2024-12-20 21:26:00,BUY,BCAU-AUD,105663.56720203,0.0374811881188114,39.6,-4000.0,COINSPOT,COINSPOT:16,BCAU/AUD
2024-12-31 00:00:00,CASH_IN,,0.0,0.0,0.0,12.8,CMC_CASH,CMC_CASH:34,MACQUARIE CMA INTEREST PAID
2025-01-07 00:00:00,CASH_IN,,0.0,0.0,0.0,1.0,BETASHARES,BETASHARES:314,Deposit
2025-01-21 00:00:00,CASH_OUT,,0.0,0.0,0.0,-2500.0,CMC_CASH,CMC_CASH:35,To Stake - Funds transfer
2025-01-31 00:00:00,CASH_IN,,0.0,0.0,0.0,10.31,CMC_CASH,CMC_CASH:36,MACQUARIE CMA INTEREST PAID
2025-02-13 00:00:00,CASH_OUT,,0.0,0.0,0.0,-2651.0,CMC_CASH,CMC_CASH:37,Bght 80 MIN @ 33.0000 AUD 29820728
2025-02-20 00:00:00,CASH_IN,,0.0,0.0,0.0,2000.0,BETASHARES,BETASHARES:302,Portfolio deposit
2025-02-26 00:00:00,CASH_IN,,0.0,0.0,0.0,500.0,BETASHARES,BETASHARES:303,Portfolio deposit (Buy)
2025-02-26 00:00:00,CASH_IN,,0.0,0.0,0.0,400.0,BETASHARES,BETASHARES:304,Portfolio deposit (Buy)
2025-02-26 00:00:00,CASH_IN,,0.0,0.0,0.0,100.0,BETASHARES,BETASHARES:305,Portfolio deposit (Buy)
2025-02-26 00:00:00,CASH_IN,,0.0,0.0,0.0,100.0,BETASHARES,BETASHARES:306,Portfolio deposit (Buy)
2025-02-26 00:00:00,CASH_IN,,0.0,0.0,0.0,100.0,BETASHARES,BETASHARES:307,Portfolio deposit (Buy)
2025-02-26 00:00:00,CASH_IN,,0.0,0.0,0.0,200.0,BETASHARES,BETASHARES:308,Portfolio deposit (Buy)
2025-02-26 00:00:00,CASH_IN,,0.0,0.0,0.0,100.0,BETASHARES,BETASHARES:309,Portfolio deposit (Buy)
2025-02-26 00:00:00,CASH_IN,,0.0,0.0,0.0,100.0,BETASHARES,BETASHARES:310,Portfolio deposit (Buy)
2025-02-26 00:00:00,CASH_IN,,0.0,0.0,0.0,100.0,BETASHARES,BETASHARES:311,Portfolio deposit (Buy)
2025-02-26 00:00:00,CASH_IN,,0.0,0.0,0.0,100.0,BETASHARES,BETASHARES:312,Portfolio deposit (Buy)
2025-02-26 00:00:00,CASH_IN,,0.0,0.0,0.0,200.0,BETASHARES,BETASHARES:313,Portfolio deposit (Buy)
2025-02-28 00:00:00,CASH_IN,,0.0,0.0,0.0,2.83,CMC_CASH,CMC_CASH:38,MACQUARIE CMA INTEREST PAID
2025-03-03 09:14:00,SELL,XRP-AUD,1790.62082414,4.669754545454546,83.62,8278.14,COINSPOT,COINSPOT:14,XRP/AUD
2025-03-07 00:00:00,SELL,VEU.AX,-0.00302198,98.52,0.0,0.2977,BETASHARES,BETASHARES:297,Portfolio fee (Sell)
2025-03-07 00:00:00,SELL,HACK.AX,-0.00085956,14.24,0.0,0.0122,BETASHARES,BETASHARES:298,Portfolio fee (Sell)
2025-03-07 00:00:00,SELL,PMGOLD.AX,-0.00053848,45.9,0.0,0.0247,BETASHARES,BETASHARES:299,Portfolio fee (Sell)
2025-03-07 00:00:00,SELL,XMET.AX,-0.00921702,7.83,0.0,0.0721,BETASHARES,BETASHARES:300,Portfolio fee (Sell)
2025-03-07 00:00:00,SELL,VGE.AX,-0.00121217,80.83,0.0,0.0979,BETASHARES,BETASHARES:301,Portfolio fee (Sell)
2025-03-11 04:50:00,BUY,XRP-AUD,922.15384614693,3.25,3.0,-3000.0,COINSPOT,COINSPOT:13,XRP/AUD
2025-03-13 10:46:00,SELL,XRP-AUD,922.15384615,3.5391676767676765,32.64,3231.02,COINSPOT,COINSPOT:12,XRP/AUD
2025-03-20 00:00:00,CASH_IN,,0.0,0.0,0.0,2000.0,BETASHARES,BETASHARES:284,Portfolio deposit
2025-03-26 00:00:00,CASH_IN,,0.0,0.0,0.0,492.3363,BETASHARES,BETASHARES:285,Portfolio deposit (Buy)
2025-03-26 00:00:00,CASH_IN,,0.0,0.0,0.0,409.6927,BETASHARES,BETASHARES:286,Portfolio deposit (Buy)
2025-03-26 00:00:00,CASH_IN,,0.0,0.0,0.0,99.4214,BETASHARES,BETASHARES:287,Portfolio deposit (Buy)
2025-03-26 00:00:00,CASH_IN,,0.0,0.0,0.0,101.7549,BETASHARES,BETASHARES:288,Portfolio deposit (Buy)
2025-03-26 00:00:00,CASH_IN,,0.0,0.0,0.0,103.6999,BETASHARES,BETASHARES:289,Portfolio deposit (Buy)
2025-03-26 00:00:00,CASH_IN,,0.0,0.0,0.0,205.6304,BETASHARES,BETASHARES:290,Portfolio deposit (Buy)
2025-03-26 00:00:00,CASH_IN,,0.0,0.0,0.0,100.4461,BETASHARES,BETASHARES:291,Portfolio deposit (Buy)
2025-03-26 00:00:00,CASH_IN,,0.0,0.0,0.0,96.2439,BETASHARES,BETASHARES:292,Portfolio deposit (Buy)
2025-03-26 00:00:00,CASH_IN,,0.0,0.0,0.0,101.2453,BETASHARES,BETASHARES:293,Portfolio deposit (Buy)
2025-03-26 00:00:00,CASH_IN,,0.0,0.0,0.0,91.4585,BETASHARES,BETASHARES:294,Portfolio deposit (Buy)
2025-03-26 00:00:00,CASH_IN,,0.0,0.0,0.0,198.0711,BETASHARES,BETASHARES:295,Portfolio deposit (Buy)
2025-03-31 00:00:00,CASH_IN,,0.0,0.0,0.0,0.31,CMC_CASH,CMC_CASH:39,MACQUARIE CMA INTEREST PAID
2025-04-02 00:00:00,SELL,VEU.AX,-0.01078487,96.85,0.0,1.0445,BETASHARES,BETASHARES:279,Portfolio fee (Sell)
2025-04-02 00:00:00,SELL,VAS.AX,-0.01438934,98.56,0.0,1.4182,BETASHARES,BETASHARES:280,Portfolio fee (Sell)
2025-04-02 00:00:00,SELL,IVV.AX,-0.00447958,59.67,0.0,0.2672,BETASHARES,BETASHARES:281,Portfolio fee (Sell)
2025-04-02 00:00:00,SELL,PMGOLD.AX,-0.02294308,49.29,0.0,1.1308,BETASHARES,BETASHARES:282,Portfolio fee (Sell)
2025-04-02 00:00:00,SELL,VGE.AX,-0.00775343,79.85,0.0,0.6191,BETASHARES,BETASHARES:283,Portfolio fee (Sell)
2025-04-03 00:00:00,CASH_IN,,0.0,0.0,0.0,80.96,CMC_CASH,CMC_CASH:40,SOUTH32 DIVIDEND AI017/00979232
2025-04-07 13:35:00,BUY,XRP-AUD,1258.40575721,3.147153465337379,39.6,-4000.0,COINSPOT,COINSPOT:11,XRP/AUD
2025-04-13 20:53:00,SELL,XRP-AUD,1258.40575721,3.532696969696969,44.46,4401.11,COINSPOT,COINSPOT:10,XRP/AUD
2025-04-20 00:00:00,CASH_IN,,0.0,0.0,0.0,2000.0,BETASHARES,BETASHARES:263,Portfolio deposit
2025-04-24 00:00:00,CASH_IN,,0.0,0.0,0.0,259.7,CMC_CASH,CMC_CASH:41,DUXTON WATER LTD 25APR/00801323
2025-04-29 00:00:00,CASH_IN,,0.0,0.0,0.0,490.3452,BETASHARES,BETASHARES:264,Portfolio deposit (Buy)
2025-04-29 00:00:00,CASH_IN,,0.0,0.0,0.0,378.2007,BETASHARES,BETASHARES:265,Portfolio deposit (Buy)
2025-04-29 00:00:00,CASH_IN,,0.0,0.0,0.0,101.0968,BETASHARES,BETASHARES:266,Portfolio deposit (Buy)
2025-04-29 00:00:00,CASH_IN,,0.0,0.0,0.0,101.4935,BETASHARES,BETASHARES:267,Portfolio deposit (Buy)
2025-04-29 00:00:00,CASH_IN,,0.0,0.0,0.0,106.3519,BETASHARES,BETASHARES:268,Portfolio deposit (Buy)
2025-04-29 00:00:00,CASH_IN,,0.0,0.0,0.0,213.705,BETASHARES,BETASHARES:269,Portfolio deposit (Buy)
2025-04-29 00:00:00,CASH_IN,,0.0,0.0,0.0,106.1491,BETASHARES,BETASHARES:270,Portfolio deposit (Buy)
2025-04-29 00:00:00,CASH_IN,,0.0,0.0,0.0,79.9232,BETASHARES,BETASHARES:271,Portfolio deposit (Buy)
2025-04-29 00:00:00,CASH_IN,,0.0,0.0,0.0,97.2476,BETASHARES,BETASHARES:272,Portfolio deposit (Buy)
2025-04-29 00:00:00,CASH_IN,,0.0,0.0,0.0,119.2266,BETASHARES,BETASHARES:273,Portfolio deposit (Buy)
2025-04-29 00:00:00,CASH_IN,,0.0,0.0,0.0,206.2612,BETASHARES,BETASHARES:274,Portfolio deposit (Buy)
2025-04-30 00:00:00,CASH_IN,,0.0,0.0,0.0,0.72,CMC_CASH,CMC_CASH:42,MACQUARIE CMA INTEREST PAID
2025-05-02 00:00:00,SELL,VAS.AX,-0.00991508,101.37,0.0,1.005,BETASHARES,BETASHARES:256,Portfolio fee (Sell)
2025-05-02 00:00:00,SELL,HACK.AX,-0.04248132,14.29,0.0,0.607,BETASHARES,BETASHARES:257,Portfolio fee (Sell)
2025-05-02 00:00:00,SELL,CRYP.AX,-0.17764192,5.8,0.0,1.0303,BETASHARES,BETASHARES:258,Portfolio fee (Sell)
2025-05-02 00:00:00,SELL,NDQ.AX,-0.01117596,46.08,0.0,0.5149,BETASHARES,BETASHARES:259,Portfolio fee (Sell)
2025-05-02 00:00:00,SELL,IVV.AX,-0.015776,58.58,0.0,0.9241,BETASHARES,BETASHARES:260,Portfolio fee (Sell)
2025-05-02 00:00:00,SELL,URNM.AX,-0.05976874,7.0,0.0,0.4183,BETASHARES,BETASHARES:261,Portfolio fee (Sell)
2025-05-02 00:00:00,CASH_OUT,,0.0,0.0,0.0,-529.1,CMC_CASH,CMC_CASH:43,Bght 26 MIN @ 20.3500 AUD 31029066
2025-05-04 10:02:00,BUY,BCAU-AUD,81581.50783161,0.0352089108910905,28.72,-2901.12,COINSPOT,COINSPOT:9,BCAU/AUD
2025-05-04 11:36:00,BUY,BCAU-AUD,56033.39590395,0.0353396039604015,19.8,-2000.0,COINSPOT,COINSPOT:8,BCAU/AUD
2025-05-13 12:21:00,BUY,BCAU-AUD,56665.25003542,0.0349455445544528,19.8,-2000.0,COINSPOT,COINSPOT:7,BCAU/AUD
2025-05-20 00:00:00,CASH_IN,,0.0,0.0,0.0,2000.0,BETASHARES,BETASHARES:243,Portfolio deposit
2025-05-26 00:00:00,CASH_IN,,0.0,0.0,0.0,525.9203,BETASHARES,BETASHARES:244,Portfolio deposit (Buy)
2025-05-26 00:00:00,CASH_IN,,0.0,0.0,0.0,420.3938,BETASHARES,BETASHARES:245,Portfolio deposit (Buy)
2025-05-26 00:00:00,CASH_IN,,0.0,0.0,0.0,94.6144,BETASHARES,BETASHARES:246,Portfolio deposit (Buy)
2025-05-26 00:00:00,CASH_IN,,0.0,0.0,0.0,56.2117,BETASHARES,BETASHARES:247,Portfolio deposit (Buy)
2025-05-26 00:00:00,CASH_IN,,0.0,0.0,0.0,96.2555,BETASHARES,BETASHARES:248,Portfolio deposit (Buy)
2025-05-26 00:00:00,CASH_IN,,0.0,0.0,0.0,208.1106,BETASHARES,BETASHARES:249,Portfolio deposit (Buy)
2025-05-26 00:00:00,CASH_IN,,0.0,0.0,0.0,102.6407,BETASHARES,BETASHARES:250,Portfolio deposit (Buy)
2025-05-26 00:00:00,CASH_IN,,0.0,0.0,0.0,119.0745,BETASHARES,BETASHARES:251,Portfolio deposit (Buy)
2025-05-26 00:00:00,CASH_IN,,0.0,0.0,0.0,64.9551,BETASHARES,BETASHARES:252,Portfolio deposit (Buy)
2025-05-26 00:00:00,CASH_IN,,0.0,0.0,0.0,108.1179,BETASHARES,BETASHARES:253,Portfolio deposit (Buy)
2025-05-26 00:00:00,CASH_IN,,0.0,0.0,0.0,203.706,BETASHARES,BETASHARES:254,Portfolio deposit (Buy)
2025-05-30 00:00:00,CASH_IN,,0.0,0.0,0.0,0.04,CMC_CASH,CMC_CASH:44,MACQUARIE CMA INTEREST PAID
2025-06-03 00:00:00,SELL,VEU.AX,-0.00889616,101.44,0.0,0.9024,BETASHARES,BETASHARES:237,Portfolio fee (Sell)
2025-06-03 00:00:00,SELL,VAS.AX,-0.01242714,104.93,0.0,1.3039,BETASHARES,BETASHARES:238,Portfolio fee (Sell)
2025-06-03 00:00:00,SELL,HACK.AX,-0.02423019,15.21,0.0,0.3685,BETASHARES,BETASHARES:239,Portfolio fee (Sell)
2025-06-03 00:00:00,SELL,NDQ.AX,-0.01132616,49.16,0.0,0.5567,BETASHARES,BETASHARES:240,Portfolio fee (Sell)
2025-06-03 00:00:00,SELL,IVV.AX,-0.01588668,60.91,0.0,0.9676,BETASHARES,BETASHARES:241,Portfolio fee (Sell)
2025-06-03 00:00:00,SELL,PMGOLD.AX,-0.00774107,51.75,0.0,0.4006,BETASHARES,BETASHARES:242,Portfolio fee (Sell)
2025-06-18 09:32:00,BUY,XRP-AUD,1033.3796553705602,3.3832244,3.5,-3499.65,COINSPOT,COINSPOT:5,XRP/AUD
2025-06-18 09:32:00,SELL,BCAU-AUD,101567.03424260012,0.0348080808080808,35.35,3500.0,COINSPOT,COINSPOT:6,BCAU/AUD
2025-06-20 00:00:00,CASH_IN,,0.0,0.0,0.0,2000.0,BETASHARES,BETASHARES:224,Portfolio deposit
2025-06-26 00:00:00,CASH_IN,,0.0,0.0,0.0,541.686,BETASHARES,BETASHARES:225,Portfolio deposit (Buy)
2025-06-26 00:00:00,CASH_IN,,0.0,0.0,0.0,407.1681,BETASHARES,BETASHARES:226,Portfolio deposit (Buy)
2025-06-26 00:00:00,CASH_IN,,0.0,0.0,0.0,97.4708,BETASHARES,BETASHARES:227,Portfolio deposit (Buy)
2025-06-26 00:00:00,CASH_IN,,0.0,0.0,0.0,99.4151,BETASHARES,BETASHARES:228,Portfolio deposit (Buy)
2025-06-26 00:00:00,CASH_IN,,0.0,0.0,0.0,90.1397,BETASHARES,BETASHARES:229,Portfolio deposit (Buy)
2025-06-26 00:00:00,CASH_IN,,0.0,0.0,0.0,189.4276,BETASHARES,BETASHARES:230,Portfolio deposit (Buy)
2025-06-26 00:00:00,CASH_IN,,0.0,0.0,0.0,106.9395,BETASHARES,BETASHARES:231,Portfolio deposit (Buy)
2025-06-26 00:00:00,CASH_IN,,0.0,0.0,0.0,113.7244,BETASHARES,BETASHARES:232,Portfolio deposit (Buy)
2025-06-26 00:00:00,CASH_IN,,0.0,0.0,0.0,70.5203,BETASHARES,BETASHARES:233,Portfolio deposit (Buy)
2025-06-26 00:00:00,CASH_IN,,0.0,0.0,0.0,75.2137,BETASHARES,BETASHARES:234,Portfolio deposit (Buy)
2025-06-26 00:00:00,CASH_IN,,0.0,0.0,0.0,208.2954,BETASHARES,BETASHARES:235,Portfolio deposit (Buy)
2025-06-30 00:00:00,CASH_OUT,,0.0,0.0,0.0,0.0,CMC_CASH,CMC_CASH:45,CLOSING BALANCE
2025-07-01 00:00:00,SELL,VEU.AX,-0.01619329,102.47,0.0,1.6593,BETASHARES,BETASHARES:219,Portfolio fee (Sell)
2025-07-01 00:00:00,SELL,CRYP.AX,-0.25947151,7.2,0.0,1.8681,BETASHARES,BETASHARES:220,Portfolio fee (Sell)
2025-07-01 00:00:00,SELL,IVV.AX,-0.00279787,62.61,0.0,0.1751,BETASHARES,BETASHARES:221,Portfolio fee (Sell)
2025-07-01 00:00:00,SELL,ACDC.AX,-0.00326409,88.63,0.0,0.2892,BETASHARES,BETASHARES:222,Portfolio fee (Sell)
2025-07-01 00:00:00,SELL,VGE.AX,-0.00229005,83.27,0.0,0.1906,BETASHARES,BETASHARES:223,Portfolio fee (Sell)
2025-07-10 05:52:00,SELL,XRP-AUD,500.0,3.716274747474748,18.58,1839.56,COINSPOT,COINSPOT:4,XRP/AUD
2025-07-10 05:58:00,SELL,XRP-AUD,533.37965537,3.707849494949495,19.78,1957.91,COINSPOT,COINSPOT:3,XRP/AUD
2025-07-20 00:00:00,CASH_IN,,0.0,0.0,0.0,2000.0,BETASHARES,BETASHARES:197,Portfolio deposit
2025-07-25 00:00:00,CASH_IN,,0.0,0.0,0.0,534.5457,BETASHARES,BETASHARES:198,Portfolio deposit (Buy)
2025-07-25 00:00:00,CASH_IN,,0.0,0.0,0.0,460.813,BETASHARES,BETASHARES:199,Portfolio deposit (Buy)
2025-07-25 00:00:00,CASH_IN,,0.0,0.0,0.0,138.7549,BETASHARES,BETASHARES:200,Portfolio deposit (Buy)
2025-07-25 00:00:00,CASH_IN,,0.0,0.0,0.0,56.4407,BETASHARES,BETASHARES:201,Portfolio deposit (Buy)
2025-07-25 00:00:00,CASH_IN,,0.0,0.0,0.0,108.0764,BETASHARES,BETASHARES:202,Portfolio deposit (Buy)
2025-07-25 00:00:00,CASH_IN,,0.0,0.0,0.0,207.1388,BETASHARES,BETASHARES:203,Portfolio deposit (Buy)
2025-07-25 00:00:00,CASH_IN,,0.0,0.0,0.0,48.2392,BETASHARES,BETASHARES:204,Portfolio deposit (Buy)
2025-07-25 00:00:00,CASH_IN,,0.0,0.0,0.0,120.0833,BETASHARES,BETASHARES:205,Portfolio deposit (Buy)
2025-07-25 00:00:00,CASH_IN,,0.0,0.0,0.0,92.8043,BETASHARES,BETASHARES:206,Portfolio deposit (Buy)
2025-07-25 00:00:00,CASH_IN,,0.0,0.0,0.0,23.8314,BETASHARES,BETASHARES:207,Portfolio deposit (Buy)
2025-07-25 00:00:00,CASH_IN,,0.0,0.0,0.0,209.2729,BETASHARES,BETASHARES:208,Portfolio deposit (Buy)
2025-07-31 14:59:00,SELL,BCAU-AUD,92713.11952838,0.0348282828282828,32.29,3196.75,COINSPOT,COINSPOT:2,BCAU/AUD
2025-08-01 00:00:00,SELL,VEU.AX,-0.00281942,103.69,0.0,0.2923,BETASHARES,BETASHARES:190,Portfolio fee (Sell)
2025-08-01 00:00:00,SELL,VAS.AX,-0.00638499,107.45,0.0,0.686,BETASHARES,BETASHARES:191,Portfolio fee (Sell)
2025-08-01 00:00:00,SELL,HACK.AX,-0.0116605,15.02,0.0,0.1751,BETASHARES,BETASHARES:192,Portfolio fee (Sell)
2025-08-01 00:00:00,SELL,NDQ.AX,-0.00913985,53.12,0.0,0.4855,BETASHARES,BETASHARES:193,Portfolio fee (Sell)
2025-08-01 00:00:00,SELL,IVV.AX,-0.01317001,65.6,0.0,0.8639,BETASHARES,BETASHARES:194,Portfolio fee (Sell)
2025-08-01 00:00:00,SELL,PMGOLD.AX,-0.00360874,50.94,0.0,0.1838,BETASHARES,BETASHARES:195,Portfolio fee (Sell)
2025-08-01 00:00:00,SELL,VGE.AX,-0.00184189,85.08,0.0,0.1567,BETASHARES,BETASHARES:196,Portfolio fee (Sell)
2025-08-12 00:00:00,CASH_IN,,0.0,0.0,0.0,81.0,BETASHARES,BETASHARES:182,Portfolio deposit
2025-08-12 00:00:00,CASH_IN,,0.0,0.0,0.0,3.939,BETASHARES,BETASHARES:183,Portfolio deposit (Buy)
2025-08-12 00:00:00,CASH_IN,,0.0,0.0,0.0,17.2663,BETASHARES,BETASHARES:184,Portfolio deposit (Buy)
2025-08-12 00:00:00,CASH_IN,,0.0,0.0,0.0,31.7247,BETASHARES,BETASHARES:185,Portfolio deposit (Buy)
2025-08-12 00:00:00,CASH_IN,,0.0,0.0,0.0,1.4208,BETASHARES,BETASHARES:186,Portfolio deposit (Buy)
2025-08-12 00:00:00,CASH_IN,,0.0,0.0,0.0,23.8618,BETASHARES,BETASHARES:187,Portfolio deposit (Buy)
2025-08-12 00:00:00,CASH_IN,,0.0,0.0,0.0,2.7877,BETASHARES,BETASHARES:188,Portfolio deposit (Buy)
2025-08-14 22:36:00,BUY,XRP-AUD,346.99045216,4.841489108970833,16.8,-1696.75,COINSPOT,COINSPOT:1,XRP/AUD
2025-08-22 00:00:00,CASH_IN,,0.0,0.0,0.0,4609.96,BETASHARES,BETASHARES:181,Deposit
2025-08-25 00:00:00,BUY,VEU.AX,42.51553997971041,108.43,0.0,-4609.96,BETASHARES,BETASHARES:180,Buy
2025-09-01 00:00:00,SELL,VAS.AX,-0.00637387,111.01,0.0,0.7075,BETASHARES,BETASHARES:175,Portfolio fee (Sell)
2025-09-01 00:00:00,SELL,ACDC.AX,-0.00490613,105.16,0.0,0.5159,BETASHARES,BETASHARES:176,Portfolio fee (Sell)
2025-09-01 00:00:00,SELL,PMGOLD.AX,-0.00570837,52.75,0.0,0.3011,BETASHARES,BETASHARES:177,Portfolio fee (Sell)
2025-09-01 00:00:00,SELL,URNM.AX,-0.107741,9.66,0.0,1.0407,BETASHARES,BETASHARES:178,Portfolio fee (Sell)
2025-09-01 00:00:00,SELL,XMET.AX,-0.07312149,10.32,0.0,0.7546,BETASHARES,BETASHARES:179,Portfolio fee (Sell)
2025-09-11 00:00:00,CASH_IN,,0.0,0.0,0.0,1000.0,BETASHARES,BETASHARES:163,Portfolio deposit
2025-09-17 00:00:00,CASH_IN,,0.0,0.0,0.0,302.8592,BETASHARES,BETASHARES:164,Portfolio deposit (Buy)
2025-09-17 00:00:00,CASH_IN,,0.0,0.0,0.0,245.8134,BETASHARES,BETASHARES:165,Portfolio deposit (Buy)
2025-09-17 00:00:00,CASH_IN,,0.0,0.0,0.0,62.295,BETASHARES,BETASHARES:166,Portfolio deposit (Buy)
2025-09-17 00:00:00,CASH_IN,,0.0,0.0,0.0,19.9137,BETASHARES,BETASHARES:167,Portfolio deposit (Buy)
2025-09-17 00:00:00,CASH_IN,,0.0,0.0,0.0,60.0483,BETASHARES,BETASHARES:168,Portfolio deposit (Buy)
2025-09-17 00:00:00,CASH_IN,,0.0,0.0,0.0,127.8435,BETASHARES,BETASHARES:169,Portfolio deposit (Buy)
2025-09-17 00:00:00,CASH_IN,,0.0,0.0,0.0,19.8052,BETASHARES,BETASHARES:170,Portfolio deposit (Buy)
2025-09-17 00:00:00,CASH_IN,,0.0,0.0,0.0,26.1067,BETASHARES,BETASHARES:171,Portfolio deposit (Buy)
2025-09-17 00:00:00,CASH_IN,,0.0,0.0,0.0,38.3143,BETASHARES,BETASHARES:172,Portfolio deposit (Buy)
2025-09-17 00:00:00,CASH_IN,,0.0,0.0,0.0,97.0011,BETASHARES,BETASHARES:173,Portfolio deposit (Buy)
2025-09-25 00:00:00,CASH_IN,,0.0,0.0,0.0,1250.0,BETASHARES,BETASHARES:152,Portfolio deposit
2025-10-01 00:00:00,CASH_IN,,0.0,0.0,0.0,378.4902,BETASHARES,BETASHARES:153,Portfolio deposit (Buy)
2025-10-01 00:00:00,CASH_IN,,0.0,0.0,0.0,347.3154,BETASHARES,BETASHARES:154,Portfolio deposit (Buy)
2025-10-01 00:00:00,CASH_IN,,0.0,0.0,0.0,69.743,BETASHARES,BETASHARES:155,Portfolio deposit (Buy)
2025-10-01 00:00:00,CASH_IN,,0.0,0.0,0.0,32.9332,BETASHARES,BETASHARES:156,Portfolio deposit (Buy)
2025-10-01 00:00:00,CASH_IN,,0.0,0.0,0.0,63.2725,BETASHARES,BETASHARES:157,Portfolio deposit (Buy)
2025-10-01 00:00:00,CASH_IN,,0.0,0.0,0.0,132.0434,BETASHARES,BETASHARES:158,Portfolio deposit (Buy)
2025-10-01 00:00:00,CASH_IN,,0.0,0.0,0.0,31.7041,BETASHARES,BETASHARES:159,Portfolio deposit (Buy)
2025-10-01 00:00:00,CASH_IN,,0.0,0.0,0.0,37.2247,BETASHARES,BETASHARES:160,Portfolio deposit (Buy)
2025-10-01 00:00:00,CASH_IN,,0.0,0.0,0.0,14.9547,BETASHARES,BETASHARES:161,Portfolio deposit (Buy)
2025-10-01 00:00:00,CASH_IN,,0.0,0.0,0.0,138.8848,BETASHARES,BETASHARES:162,Portfolio deposit (Buy)
2025-10-09 00:00:00,CASH_IN,,0.0,0.0,0.0,1250.0,BETASHARES,BETASHARES:142,Portfolio deposit
2025-10-11 08:17:00,BUY,XRP-AUD,428.35382483,3.467106930680246,14.85,-1500.0,COINSPOT,COINSPOT:0,XRP/AUD
2025-10-15 00:00:00,BUY,VEU.AX,0.01037715,110.1,0.0,-1.1426,BETASHARES,BETASHARES:135,Portfolio distribution (Buy)
2025-10-15 00:00:00,BUY,VAS.AX,0.00920828,111.5,0.0,-1.0268,BETASHARES,BETASHARES:136,Portfolio distribution (Buy)
2025-10-15 00:00:00,BUY,HACK.AX,0.01893863,15.51,0.0,-0.2938,BETASHARES,BETASHARES:137,Portfolio distribution (Buy)
2025-10-15 00:00:00,BUY,NDQ.AX,0.00580844,55.74,0.0,-0.3238,BETASHARES,BETASHARES:138,Portfolio distribution (Buy)
2025-10-15 00:00:00,BUY,IVV.AX,0.01051988,68.06,0.0,-0.716,BETASHARES,BETASHARES:139,Portfolio distribution (Buy)
2025-10-15 00:00:00,BUY,XMET.AX,0.01228474,12.98,0.0,-0.1595,BETASHARES,BETASHARES:140,Portfolio distribution (Buy)
2025-10-15 00:00:00,BUY,VGE.AX,0.00371918,91.52,0.0,-0.3404,BETASHARES,BETASHARES:141,Portfolio distribution (Buy)
2025-10-15 00:00:00,CASH_IN,,0.0,0.0,0.0,392.8872,BETASHARES,BETASHARES:143,Portfolio deposit (Buy)
2025-10-15 00:00:00,CASH_IN,,0.0,0.0,0.0,312.4009,BETASHARES,BETASHARES:144,Portfolio deposit (Buy)
2025-10-15 00:00:00,CASH_IN,,0.0,0.0,0.0,77.9204,BETASHARES,BETASHARES:145,Portfolio deposit (Buy)
2025-10-15 00:00:00,CASH_IN,,0.0,0.0,0.0,79.5116,BETASHARES,BETASHARES:146,Portfolio deposit (Buy)
2025-10-15 00:00:00,CASH_IN,,0.0,0.0,0.0,165.5895,BETASHARES,BETASHARES:147,Portfolio deposit (Buy)
2025-10-15 00:00:00,CASH_IN,,0.0,0.0,0.0,22.5688,BETASHARES,BETASHARES:148,Portfolio deposit (Buy)
2025-10-15 00:00:00,CASH_IN,,0.0,0.0,0.0,21.2831,BETASHARES,BETASHARES:149,Portfolio deposit (Buy)
2025-10-15 00:00:00,CASH_IN,,0.0,0.0,0.0,177.8391,BETASHARES,BETASHARES:150,Portfolio deposit (Buy)
2025-10-16 00:00:00,BUY,VEU.AX,0.08405487,111.26,0.0,-9.352,BETASHARES,BETASHARES:128,Portfolio distribution (Buy)
2025-10-16 00:00:00,BUY,VAS.AX,0.07057399,112.61,0.0,-7.9474,BETASHARES,BETASHARES:129,Portfolio distribution (Buy)
2025-10-16 00:00:00,BUY,HACK.AX,0.29614518,15.49,0.0,-4.5873,BETASHARES,BETASHARES:130,Portfolio distribution (Buy)
2025-10-16 00:00:00,BUY,NDQ.AX,0.04779798,56.21,0.0,-2.6868,BETASHARES,BETASHARES:131,Portfolio distribution (Buy)
2025-10-16 00:00:00,BUY,IVV.AX,0.10165826,68.46,0.0,-6.9596,BETASHARES,BETASHARES:132,Portfolio distribution (Buy)
2025-10-16 00:00:00,BUY,VGE.AX,0.02123671,92.69,0.0,-1.9685,BETASHARES,BETASHARES:133,Portfolio distribution (Buy)
2025-10-17 00:00:00,BUY,HBRD.AX,220.90729783037477,10.14,0.0,-2240.0,BETASHARES,BETASHARES:124,Buy
2025-10-17 00:00:00,SELL,VEU.AX,-20.0,112.0,0.0,2240.0,BETASHARES,BETASHARES:125,Sell
2025-10-20 00:00:00,BUY,HBRD.AX,242.32512315270932,10.15,0.0,-2459.6,BETASHARES,BETASHARES:115,Buy
2025-10-20 00:00:00,SELL,VEU.AX,-22.0,111.8,0.0,2459.6,BETASHARES,BETASHARES:116,Sell
2025-10-20 00:00:00,BUY,HACK.AX,1.2780678851174936,15.32,0.0,-19.5801,BETASHARES,BETASHARES:117,Buy
2025-10-20 00:00:00,BUY,VAS.AX,0.00639115,111.35,0.0,-0.7117,BETASHARES,BETASHARES:119,Portfolio distribution (Buy)
2025-10-20 00:00:00,BUY,HACK.AX,0.07418982,15.31,0.0,-1.1359,BETASHARES,BETASHARES:120,Portfolio distribution (Buy)
2025-10-20 00:00:00,BUY,ACDC.AX,0.00800139,126.58,0.0,-1.0129,BETASHARES,BETASHARES:121,Portfolio distribution (Buy)
2025-10-20 00:00:00,BUY,URNM.AX,0.91314426,11.24,0.0,-10.2638,BETASHARES,BETASHARES:122,Portfolio distribution (Buy)
2025-10-20 00:00:00,BUY,XMET.AX,0.18804759,12.66,0.0,-2.3807,BETASHARES,BETASHARES:123,Portfolio distribution (Buy)
2025-10-23 00:00:00,CASH_IN,,0.0,0.0,0.0,1250.0,BETASHARES,BETASHARES:99,Portfolio deposit
2025-10-29 00:00:00,CASH_IN,,0.0,0.0,0.0,121.6708,BETASHARES,BETASHARES:100,Portfolio deposit (Buy)
2025-10-29 00:00:00,CASH_IN,,0.0,0.0,0.0,131.441,BETASHARES,BETASHARES:101,Portfolio deposit (Buy)
2025-10-29 00:00:00,CASH_IN,,0.0,0.0,0.0,259.596,BETASHARES,BETASHARES:102,Portfolio deposit (Buy)
2025-10-29 00:00:00,CASH_IN,,0.0,0.0,0.0,269.8117,BETASHARES,BETASHARES:103,Portfolio deposit (Buy)
2025-10-29 00:00:00,CASH_IN,,0.0,0.0,0.0,57.5912,BETASHARES,BETASHARES:104,Portfolio deposit (Buy)
2025-10-29 00:00:00,CASH_IN,,0.0,0.0,0.0,37.0669,BETASHARES,BETASHARES:105,Portfolio deposit (Buy)
2025-10-29 00:00:00,CASH_IN,,0.0,0.0,0.0,27.3504,BETASHARES,BETASHARES:106,Portfolio deposit (Buy)
2025-10-29 00:00:00,CASH_IN,,0.0,0.0,0.0,92.0325,BETASHARES,BETASHARES:107,Portfolio deposit (Buy)
2025-10-29 00:00:00,CASH_IN,,0.0,0.0,0.0,51.1379,BETASHARES,BETASHARES:108,Portfolio deposit (Buy)
2025-10-29 00:00:00,CASH_IN,,0.0,0.0,0.0,101.3683,BETASHARES,BETASHARES:109,Portfolio deposit (Buy)
2025-10-29 00:00:00,CASH_IN,,0.0,0.0,0.0,0.9942,BETASHARES,BETASHARES:110,Portfolio deposit (Buy)
2025-10-29 00:00:00,CASH_IN,,0.0,0.0,0.0,0.3517,BETASHARES,BETASHARES:111,Portfolio deposit (Buy)
2025-10-29 00:00:00,CASH_IN,,0.0,0.0,0.0,0.5639,BETASHARES,BETASHARES:112,Portfolio deposit (Buy)
2025-10-29 00:00:00,CASH_IN,,0.0,0.0,0.0,0.8528,BETASHARES,BETASHARES:113,Portfolio deposit (Buy)
2025-10-29 00:00:00,CASH_IN,,0.0,0.0,0.0,98.1715,BETASHARES,BETASHARES:114,Portfolio deposit (Buy)
2025-10-30 00:00:00,BUY,VEU.AX,0.00083249,111.41,0.0,-0.0928,BETASHARES,BETASHARES:81,Portfolio rebalance (Buy)
2025-10-30 00:00:00,BUY,VAS.AX,0.0005697,110.37,0.0,-0.0629,BETASHARES,BETASHARES:82,Portfolio rebalance (Buy)
2025-10-30 00:00:00,BUY,HACK.AX,0.00244033,15.43,0.0,-0.0377,BETASHARES,BETASHARES:83,Portfolio rebalance (Buy)
2025-10-30 00:00:00,BUY,NDQ.AX,0.00065483,58.39,0.0,-0.0383,BETASHARES,BETASHARES:84,Portfolio rebalance (Buy)
2025-10-30 00:00:00,BUY,IVV.AX,0.00055245,69.66,0.0,-0.0385,BETASHARES,BETASHARES:85,Portfolio rebalance (Buy)
2025-10-30 00:00:00,BUY,PMGOLD.AX,0.00139238,59.6,0.0,-0.083,BETASHARES,BETASHARES:86,Portfolio rebalance (Buy)
2025-10-30 00:00:00,BUY,VGE.AX,0.00079508,93.27,0.0,-0.0742,BETASHARES,BETASHARES:87,Portfolio rebalance (Buy)
2025-10-30 00:00:00,BUY,VAS.AX,0.34741937,110.62,0.0,-38.4316,BETASHARES,BETASHARES:88,Portfolio rebalance (Buy)
2025-10-30 00:00:00,BUY,HACK.AX,63.10975585,15.45,0.0,-975.0458,BETASHARES,BETASHARES:89,Portfolio rebalance (Buy)
2025-10-30 00:00:00,BUY,XMET.AX,77.79635915,12.18,0.0,-947.6177,BETASHARES,BETASHARES:90,Portfolio rebalance (Buy)
2025-10-30 00:00:00,BUY,VGE.AX,10.28093968,93.46,0.0,-960.8567,BETASHARES,BETASHARES:91,Portfolio rebalance (Buy)
2025-10-30 00:00:00,SELL,VEU.AX,-8.64535446,111.58,0.0,964.6486,BETASHARES,BETASHARES:92,Portfolio rebalance (Sell)
2025-10-30 00:00:00,SELL,CRYP.AX,-96.28827564,9.88,0.0,951.3281,BETASHARES,BETASHARES:93,Portfolio rebalance (Sell)
2025-10-30 00:00:00,SELL,NDQ.AX,-0.08553439,58.52,0.0,5.0054,BETASHARES,BETASHARES:94,Portfolio rebalance (Sell)
2025-10-30 00:00:00,SELL,IVV.AX,-0.04759876,69.79,0.0,3.3219,BETASHARES,BETASHARES:95,Portfolio rebalance (Sell)
2025-10-30 00:00:00,SELL,ACDC.AX,-7.43863529,131.87,0.0,980.9328,BETASHARES,BETASHARES:96,Portfolio rebalance (Sell)
2025-10-30 00:00:00,SELL,PMGOLD.AX,-0.00164317,59.8,0.0,0.0982,BETASHARES,BETASHARES:97,Portfolio rebalance (Sell)
2025-10-30 00:00:00,SELL,URNM.AX,-1.42503197,11.96,0.0,17.0433,BETASHARES,BETASHARES:98,Portfolio rebalance (Sell)
2025-11-03 00:00:00,SELL,VEU.AX,-0.01163942,111.38,0.0,1.2963,BETASHARES,BETASHARES:64,Portfolio fee (Sell)
2025-11-03 00:00:00,SELL,VAS.AX,-0.00289987,109.66,0.0,0.3179,BETASHARES,BETASHARES:65,Portfolio fee (Sell)
2025-11-03 00:00:00,SELL,NDQ.AX,-0.00808185,58.48,0.0,0.4726,BETASHARES,BETASHARES:66,Portfolio fee (Sell)
2025-11-03 00:00:00,SELL,IVV.AX,-0.00911159,69.86,0.0,0.6365,BETASHARES,BETASHARES:67,Portfolio fee (Sell)
2025-11-03 00:00:00,SELL,PMGOLD.AX,-0.01009576,60.22,0.0,0.6079,BETASHARES,BETASHARES:68,Portfolio fee (Sell)
2025-11-03 00:00:00,SELL,URNM.AX,-0.02625973,12.12,0.0,0.3182,BETASHARES,BETASHARES:69,Portfolio fee (Sell)
2025-11-03 00:00:00,SELL,XMET.AX,-0.05339965,12.17,0.0,0.6498,BETASHARES,BETASHARES:70,Portfolio fee (Sell)
2025-11-03 00:00:00,SELL,VGE.AX,-0.00086359,93.02,0.0,0.0803,BETASHARES,BETASHARES:71,Portfolio fee (Sell)
2025-11-03 00:00:00,BUY,VEU.AX,0.06677626,111.41,0.0,-7.4396,BETASHARES,BETASHARES:72,Portfolio rebalance (Buy)
2025-11-03 00:00:00,BUY,HACK.AX,59.37373959,15.72,0.0,-933.3552,BETASHARES,BETASHARES:73,Portfolio rebalance (Buy)
2025-11-03 00:00:00,BUY,NDQ.AX,0.01606514,58.5,0.0,-0.9399,BETASHARES,BETASHARES:74,Portfolio rebalance (Buy)
2025-11-03 00:00:00,BUY,XMET.AX,0.02906219,12.19,0.0,-0.3543,BETASHARES,BETASHARES:75,Portfolio rebalance (Buy)
2025-11-03 00:00:00,BUY,VGE.AX,10.50737401,93.08,0.0,-978.0264,BETASHARES,BETASHARES:76,Portfolio rebalance (Buy)
2025-11-03 00:00:00,SELL,VAS.AX,-17.31102522,109.7,0.0,1899.0194,BETASHARES,BETASHARES:77,Portfolio rebalance (Sell)
2025-11-03 00:00:00,SELL,IVV.AX,-0.02804154,69.87,0.0,1.9592,BETASHARES,BETASHARES:78,Portfolio rebalance (Sell)
2025-11-03 00:00:00,SELL,PMGOLD.AX,-0.1061742,60.22,0.0,6.3938,BETASHARES,BETASHARES:79,Portfolio rebalance (Sell)
2025-11-03 00:00:00,SELL,URNM.AX,-1.05330249,12.12,0.0,12.766,BETASHARES,BETASHARES:80,Portfolio rebalance (Sell)
2025-11-05 00:00:00,BUY,HACK.AX,0.23849174,15.39,0.0,-3.6704,BETASHARES,BETASHARES:54,Portfolio rebalance (Buy)
2025-11-05 00:00:00,BUY,PMGOLD.AX,15.14138087,60.7,0.0,-919.0819,BETASHARES,BETASHARES:55,Portfolio rebalance (Buy)
2025-11-05 00:00:00,BUY,URNM.AX,6.73630269,10.97,0.0,-73.8973,BETASHARES,BETASHARES:56,Portfolio rebalance (Buy)
2025-11-05 00:00:00,BUY,XMET.AX,8.34305983,11.35,0.0,-94.6938,BETASHARES,BETASHARES:57,Portfolio rebalance (Buy)
2025-11-05 00:00:00,SELL,VEU.AX,-0.42738906,110.52,0.0,47.235,BETASHARES,BETASHARES:58,Portfolio rebalance (Sell)
2025-11-05 00:00:00,SELL,VAS.AX,-0.26556261,109.12,0.0,28.9781,BETASHARES,BETASHARES:59,Portfolio rebalance (Sell)
2025-11-05 00:00:00,SELL,NDQ.AX,-0.0625793,57.53,0.0,3.6001,BETASHARES,BETASHARES:60,Portfolio rebalance (Sell)
2025-11-05 00:00:00,SELL,IVV.AX,-0.34828973,69.35,0.0,24.1544,BETASHARES,BETASHARES:61,Portfolio rebalance (Sell)
2025-11-05 00:00:00,SELL,VGE.AX,-10.71254854,92.17,0.0,987.3755,BETASHARES,BETASHARES:62,Portfolio rebalance (Sell)
2025-11-06 00:00:00,CASH_IN,,0.0,0.0,0.0,1250.0,BETASHARES,BETASHARES:45,Portfolio deposit
2025-11-08 00:00:00,CASH_IN,,0.0,0.0,0.0,1250.0,BETASHARES,BETASHARES:35,Portfolio deposit
2025-11-12 00:00:00,CASH_IN,,0.0,0.0,0.0,254.6756,BETASHARES,BETASHARES:46,Portfolio deposit (Buy)
2025-11-12 00:00:00,CASH_IN,,0.0,0.0,0.0,151.7497,BETASHARES,BETASHARES:47,Portfolio deposit (Buy)
2025-11-12 00:00:00,CASH_IN,,0.0,0.0,0.0,210.1242,BETASHARES,BETASHARES:48,Portfolio deposit (Buy)
2025-11-12 00:00:00,CASH_IN,,0.0,0.0,0.0,80.4351,BETASHARES,BETASHARES:49,Portfolio deposit (Buy)
2025-11-12 00:00:00,CASH_IN,,0.0,0.0,0.0,150.677,BETASHARES,BETASHARES:50,Portfolio deposit (Buy)
2025-11-12 00:00:00,CASH_IN,,0.0,0.0,0.0,92.2277,BETASHARES,BETASHARES:51,Portfolio deposit (Buy)
2025-11-12 00:00:00,CASH_IN,,0.0,0.0,0.0,100.3164,BETASHARES,BETASHARES:52,Portfolio deposit (Buy)
2025-11-12 00:00:00,CASH_IN,,0.0,0.0,0.0,209.7948,BETASHARES,BETASHARES:53,Portfolio deposit (Buy)
2025-11-14 00:00:00,CASH_IN,,0.0,0.0,0.0,230.514,BETASHARES,BETASHARES:36,Portfolio deposit (Buy)
2025-11-14 00:00:00,CASH_IN,,0.0,0.0,0.0,156.0665,BETASHARES,BETASHARES:37,Portfolio deposit (Buy)
2025-11-14 00:00:00,CASH_IN,,0.0,0.0,0.0,237.5117,BETASHARES,BETASHARES:38,Portfolio deposit (Buy)
2025-11-14 00:00:00,CASH_IN,,0.0,0.0,0.0,74.5199,BETASHARES,BETASHARES:39,Portfolio deposit (Buy)
2025-11-14 00:00:00,CASH_IN,,0.0,0.0,0.0,136.5354,BETASHARES,BETASHARES:40,Portfolio deposit (Buy)
2025-11-14 00:00:00,CASH_IN,,0.0,0.0,0.0,84.4449,BETASHARES,BETASHARES:41,Portfolio deposit (Buy)
2025-11-14 00:00:00,CASH_IN,,0.0,0.0,0.0,95.8033,BETASHARES,BETASHARES:42,Portfolio deposit (Buy)
2025-11-14 00:00:00,CASH_IN,,0.0,0.0,0.0,56.1808,BETASHARES,BETASHARES:43,Portfolio deposit (Buy)
2025-11-14 00:00:00,CASH_IN,,0.0,0.0,0.0,178.424,BETASHARES,BETASHARES:44,Portfolio deposit (Buy)
2025-11-22 00:00:00,CASH_IN,,0.0,0.0,0.0,1250.0,BETASHARES,BETASHARES:24,Portfolio deposit
2025-11-28 00:00:00,CASH_IN,,0.0,0.0,0.0,270.363,BETASHARES,BETASHARES:25,Portfolio deposit (Buy)
2025-11-28 00:00:00,CASH_IN,,0.0,0.0,0.0,114.8124,BETASHARES,BETASHARES:26,Portfolio deposit (Buy)
2025-11-28 00:00:00,CASH_IN,,0.0,0.0,0.0,255.9177,BETASHARES,BETASHARES:27,Portfolio deposit (Buy)
2025-11-28 00:00:00,CASH_IN,,0.0,0.0,0.0,48.0723,BETASHARES,BETASHARES:28,Portfolio deposit (Buy)
2025-11-28 00:00:00,CASH_IN,,0.0,0.0,0.0,93.4957,BETASHARES,BETASHARES:29,Portfolio deposit (Buy)
2025-11-28 00:00:00,CASH_IN,,0.0,0.0,0.0,130.3677,BETASHARES,BETASHARES:30,Portfolio deposit (Buy)
2025-11-28 00:00:00,CASH_IN,,0.0,0.0,0.0,58.6121,BETASHARES,BETASHARES:31,Portfolio deposit (Buy)
2025-11-28 00:00:00,CASH_IN,,0.0,0.0,0.0,47.9567,BETASHARES,BETASHARES:32,Portfolio deposit (Buy)
2025-11-28 00:00:00,CASH_IN,,0.0,0.0,0.0,230.4027,BETASHARES,BETASHARES:33,Portfolio deposit (Buy)
2025-12-02 00:00:00,BUY,HBRD.AX,1.980217606330366,10.11,0.0,-20.02,BETASHARES,BETASHARES:20,Buy
2025-12-02 00:00:00,SELL,PMGOLD.AX,-0.01097501,64.25,0.0,0.7051,BETASHARES,BETASHARES:22,Portfolio fee (Sell)
2025-12-02 00:00:00,SELL,XMET.AX,-0.25801865,13.7,0.0,3.5348,BETASHARES,BETASHARES:23,Portfolio fee (Sell)
2025-12-06 00:00:00,CASH_IN,,0.0,0.0,0.0,1250.0,BETASHARES,BETASHARES:11,Portfolio deposit
2025-12-12 00:00:00,CASH_IN,,0.0,0.0,0.0,291.5651,BETASHARES,BETASHARES:12,Portfolio deposit (Buy)
2025-12-12 00:00:00,CASH_IN,,0.0,0.0,0.0,131.3386,BETASHARES,BETASHARES:13,Portfolio deposit (Buy)
2025-12-12 00:00:00,CASH_IN,,0.0,0.0,0.0,179.3328,BETASHARES,BETASHARES:14,Portfolio deposit (Buy)
2025-12-12 00:00:00,CASH_IN,,0.0,0.0,0.0,78.8016,BETASHARES,BETASHARES:15,Portfolio deposit (Buy)
2025-12-12 00:00:00,CASH_IN,,0.0,0.0,0.0,163.6867,BETASHARES,BETASHARES:16,Portfolio deposit (Buy)
2025-12-12 00:00:00,CASH_IN,,0.0,0.0,0.0,130.633,BETASHARES,BETASHARES:17,Portfolio deposit (Buy)
2025-12-12 00:00:00,CASH_IN,,0.0,0.0,0.0,2.1566,BETASHARES,BETASHARES:18,Portfolio deposit (Buy)
2025-12-12 00:00:00,CASH_IN,,0.0,0.0,0.0,272.486,BETASHARES,BETASHARES:19,Portfolio deposit (Buy)
2025-12-20 00:00:00,CASH_IN,,0.0,0.0,0.0,1500.0,BETASHARES,BETASHARES:0,Portfolio deposit
2025-12-30 00:00:00,CASH_IN,,0.0,0.0,0.0,327.2506,BETASHARES,BETASHARES:1,Portfolio deposit (Buy)
2025-12-30 00:00:00,CASH_IN,,0.0,0.0,0.0,111.657,BETASHARES,BETASHARES:2,Portfolio deposit (Buy)
2025-12-30 00:00:00,CASH_IN,,0.0,0.0,0.0,356.7052,BETASHARES,BETASHARES:3,Portfolio deposit (Buy)
2025-12-30 00:00:00,CASH_IN,,0.0,0.0,0.0,82.3566,BETASHARES,BETASHARES:4,Portfolio deposit (Buy)
2025-12-30 00:00:00,CASH_IN,,0.0,0.0,0.0,156.6992,BETASHARES,BETASHARES:5,Portfolio deposit (Buy)
2025-12-30 00:00:00,CASH_IN,,0.0,0.0,0.0,112.2067,BETASHARES,BETASHARES:6,Portfolio deposit (Buy)
2025-12-30 00:00:00,CASH_IN,,0.0,0.0,0.0,99.0443,BETASHARES,BETASHARES:7,Portfolio deposit (Buy)
2025-12-30 00:00:00,CASH_IN,,0.0,0.0,0.0,43.033,BETASHARES,BETASHARES:8,Portfolio deposit (Buy)
2025-12-30 00:00:00,CASH_IN,,0.0,0.0,0.0,211.0478,BETASHARES,BETASHARES:9,Portfolio deposit (Buy)
